bioguide_id,name,gender,type,state,district,party,start,end,days_in_office
B000944,Sherrod Brown,M,sen,OH,-,Democrat,2013-01-03,2019-01-03,2191 days 00:00:00.000000000
C000127,Maria Cantwell,F,sen,WA,-,Democrat,2013-01-03,2019-01-03,2191 days 00:00:00.000000000
C000141,Benjamin Cardin,M,sen,MD,-,Democrat,2013-01-03,2019-01-03,2191 days 00:00:00.000000000
C000174,Thomas Carper,M,sen,DE,-,Democrat,2013-01-03,2019-01-03,2191 days 00:00:00.000000000
C001070,Robert Casey,M,sen,PA,-,Democrat,2013-01-03,2019-01-03,2191 days 00:00:00.000000000
F000062,Dianne Feinstein,F,sen,CA,-,Democrat,2013-01-03,2019-01-03,2191 days 00:00:00.000000000
K000367,Amy Klobuchar,F,sen,MN,-,Democrat,2013-01-03,2019-01-03,2191 days 00:00:00.000000000
M000639,Robert Menendez,M,sen,NJ,-,Democrat,2013-01-03,2019-01-03,2191 days 00:00:00.000000000
S000033,Bernard Sanders,M,sen,VT,-,Independent,2013-01-03,2019-01-03,2191 days 00:00:00.000000000
S000770,Debbie Stabenow,F,sen,MI,-,Democrat,2013-01-03,2019-01-03,2191 days 00:00:00.000000000
T000464,Jon Tester,M,sen,MT,-,Democrat,2013-01-03,2019-01-03,2191 days 00:00:00.000000000
W000802,Sheldon Whitehouse,M,sen,RI,-,Democrat,2013-01-03,2019-01-03,2191 days 00:00:00.000000000
B001261,John Barrasso,M,sen,WY,-,Republican,2013-01-03,2019-01-03,2191 days 00:00:00.000000000
W000437,Roger Wicker,M,sen,MS,-,Republican,2013-01-03,2019-01-03,2191 days 00:00:00.000000000
A000360,Lamar Alexander,M,sen,TN,-,Republican,2015-01-06,2021-01-03,2189 days 00:00:00.000000000
C001035,Susan Collins,F,sen,ME,-,Republican,2015-01-06,2021-01-03,2189 days 00:00:00.000000000
C001056,John Cornyn,M,sen,TX,-,Republican,2015-01-06,2021-01-03,2189 days 00:00:00.000000000
D000563,Richard Durbin,M,sen,IL,-,Democrat,2015-01-06,2021-01-03,2189 days 00:00:00.000000000
E000285,Michael Enzi,M,sen,WY,-,Republican,2015-01-06,2021-01-03,2189 days 00:00:00.000000000
G000359,Lindsey Graham,M,sen,SC,-,Republican,2015-01-06,2021-01-03,2189 days 00:00:00.000000000
I000024,James Inhofe,M,sen,OK,-,Republican,2015-01-06,2021-01-03,2189 days 00:00:00.000000000
M000355,Mitch McConnell,M,sen,KY,-,Republican,2015-01-06,2021-01-03,2189 days 00:00:00.000000000
M001176,Jeff Merkley,M,sen,OR,-,Democrat,2015-01-06,2021-01-03,2189 days 00:00:00.000000000
R000122,John Reed,M,sen,RI,-,Democrat,2015-01-06,2021-01-03,2189 days 00:00:00.000000000
R000584,James Risch,M,sen,ID,-,Republican,2015-01-06,2021-01-03,2189 days 00:00:00.000000000
R000307,Pat Roberts,M,sen,KS,-,Republican,2015-01-06,2021-01-03,2189 days 00:00:00.000000000
S001181,Jeanne Shaheen,F,sen,NH,-,Democrat,2015-01-06,2021-01-03,2189 days 00:00:00.000000000
U000039,Tom Udall,M,sen,NM,-,Democrat,2015-01-06,2021-01-03,2189 days 00:00:00.000000000
W000805,Mark Warner,M,sen,VA,-,Democrat,2015-01-06,2021-01-03,2189 days 00:00:00.000000000
G000555,Kirsten Gillibrand,F,sen,NY,-,Democrat,2013-01-03,2019-01-03,2191 days 00:00:00.000000000
C001088,Chris Coons,M,sen,DE,-,Democrat,2015-01-06,2021-01-03,2189 days 00:00:00.000000000
M001183,Joe Manchin,M,sen,WV,-,Democrat,2013-01-03,2019-01-03,2191 days 00:00:00.000000000
B001230,Tammy Baldwin,F,sen,WI,-,Democrat,2013-01-03,2019-01-03,2191 days 00:00:00.000000000
B001267,Michael Bennet,M,sen,CO,-,Democrat,2017-01-03,2023-01-03,2191 days 00:00:00.000000000
B001277,Richard Blumenthal,M,sen,CT,-,Democrat,2017-01-03,2023-01-03,2191 days 00:00:00.000000000
B000575,Roy Blunt,M,sen,MO,-,Republican,2017-01-03,2023-01-03,2191 days 00:00:00.000000000
B001236,John Boozman,M,sen,AR,-,Republican,2017-01-03,2023-01-03,2191 days 00:00:00.000000000
B001135,Richard Burr,M,sen,NC,-,Republican,2017-01-03,2023-01-03,2191 days 00:00:00.000000000
C001047,Shelley Capito,F,sen,WV,-,Republican,2015-01-06,2021-01-03,2189 days 00:00:00.000000000
C001075,Bill Cassidy,M,sen,LA,-,Republican,2015-01-06,2021-01-03,2189 days 00:00:00.000000000
C000880,Michael Crapo,M,sen,ID,-,Republican,2017-01-03,2023-01-03,2191 days 00:00:00.000000000
G000562,Cory Gardner,M,sen,CO,-,Republican,2015-01-06,2021-01-03,2189 days 00:00:00.000000000
G000386,Charles Grassley,M,sen,IA,-,Republican,2017-01-03,2023-01-03,2191 days 00:00:00.000000000
H001046,Martin Heinrich,M,sen,NM,-,Democrat,2013-01-03,2019-01-03,2191 days 00:00:00.000000000
H001042,Mazie Hirono,F,sen,HI,-,Democrat,2013-01-03,2019-01-03,2191 days 00:00:00.000000000
H001061,John Hoeven,M,sen,ND,-,Republican,2017-01-03,2023-01-03,2191 days 00:00:00.000000000
I000055,John Isakson,M,sen,GA,-,Republican,2017-01-03,2023-01-03,2191 days 00:00:00.000000000
J000293,Ron Johnson,M,sen,WI,-,Republican,2017-01-03,2023-01-03,2191 days 00:00:00.000000000
L000575,James Lankford,M,sen,OK,-,Republican,2017-01-03,2023-01-03,2191 days 00:00:00.000000000
L000174,Patrick Leahy,M,sen,VT,-,Democrat,2017-01-03,2023-01-03,2191 days 00:00:00.000000000
L000577,Mike Lee,M,sen,UT,-,Republican,2017-01-03,2023-01-03,2191 days 00:00:00.000000000
M000133,Edward Markey,M,sen,MA,-,Democrat,2015-01-06,2021-01-03,2189 days 00:00:00.000000000
M000934,Jerry Moran,M,sen,KS,-,Republican,2017-01-03,2023-01-03,2191 days 00:00:00.000000000
M001153,Lisa Murkowski,F,sen,AK,-,Republican,2017-01-03,2023-01-03,2191 days 00:00:00.000000000
M001169,Christopher Murphy,M,sen,CT,-,Democrat,2013-01-03,2019-01-03,2191 days 00:00:00.000000000
M001111,Patty Murray,F,sen,WA,-,Democrat,2017-01-03,2023-01-03,2191 days 00:00:00.000000000
P000603,Rand Paul,M,sen,KY,-,Republican,2017-01-03,2023-01-03,2191 days 00:00:00.000000000
P000595,Gary Peters,M,sen,MI,-,Democrat,2015-01-06,2021-01-03,2189 days 00:00:00.000000000
P000449,Robert Portman,M,sen,OH,-,Republican,2017-01-03,2023-01-03,2191 days 00:00:00.000000000
R000595,Marco Rubio,M,sen,FL,-,Republican,2017-01-03,2023-01-03,2191 days 00:00:00.000000000
S000148,Charles Schumer,M,sen,NY,-,Democrat,2017-01-03,2023-01-03,2191 days 00:00:00.000000000
S001184,Tim Scott,M,sen,SC,-,Republican,2017-01-03,2023-01-03,2191 days 00:00:00.000000000
S000320,Richard Shelby,M,sen,AL,-,Republican,2017-01-03,2023-01-03,2191 days 00:00:00.000000000
T000250,John Thune,M,sen,SD,-,Republican,2017-01-03,2023-01-03,2191 days 00:00:00.000000000
T000461,Patrick Toomey,M,sen,PA,-,Republican,2017-01-03,2023-01-03,2191 days 00:00:00.000000000
V000128,Chris Van Hollen,M,sen,MD,-,Democrat,2017-01-03,2023-01-03,2191 days 00:00:00.000000000
W000779,Ron Wyden,M,sen,OR,-,Democrat,2017-01-03,2023-01-03,2191 days 00:00:00.000000000
Y000064,Todd Young,M,sen,IN,-,Republican,2017-01-03,2023-01-03,2191 days 00:00:00.000000000
S001194,Brian Schatz,M,sen,HI,-,Democrat,2017-01-03,2023-01-03,2191 days 00:00:00.000000000
C001095,Tom Cotton,M,sen,AR,-,Republican,2015-01-06,2021-01-03,2189 days 00:00:00.000000000
D000622,Tammy Duckworth,F,sen,IL,-,Democrat,2017-01-03,2023-01-03,2191 days 00:00:00.000000000
W000817,Elizabeth Warren,F,sen,MA,-,Democrat,2013-01-03,2019-01-03,2191 days 00:00:00.000000000
K000383,Angus King,M,sen,ME,-,Independent,2013-01-03,2019-01-03,2191 days 00:00:00.000000000
D000618,Steve Daines,M,sen,MT,-,Republican,2015-01-06,2021-01-03,2189 days 00:00:00.000000000
F000463,Deb Fischer,F,sen,NE,-,Republican,2013-01-03,2019-01-03,2191 days 00:00:00.000000000
C001098,Ted Cruz,M,sen,TX,-,Republican,2013-01-03,2019-01-03,2191 days 00:00:00.000000000
K000384,Timothy Kaine,M,sen,VA,-,Democrat,2013-01-03,2019-01-03,2191 days 00:00:00.000000000
B001288,Cory Booker,M,sen,NJ,-,Democrat,2015-01-06,2021-01-03,2189 days 00:00:00.000000000
S001198,Dan Sullivan,M,sen,AK,-,Republican,2015-01-06,2021-01-03,2189 days 00:00:00.000000000
P000612,David Perdue,M,sen,GA,-,Republican,2015-01-06,2021-01-03,2189 days 00:00:00.000000000
E000295,Joni Ernst,F,sen,IA,-,Republican,2015-01-06,2021-01-03,2189 days 00:00:00.000000000
T000476,Thom Tillis,M,sen,NC,-,Republican,2015-01-06,2021-01-03,2189 days 00:00:00.000000000
R000605,Mike Rounds,M,sen,SD,-,Republican,2015-01-06,2021-01-03,2189 days 00:00:00.000000000
S001197,Benjamin Sasse,M,sen,NE,-,Republican,2015-01-06,2021-01-03,2189 days 00:00:00.000000000
H001075,Kamala Harris,F,sen,CA,-,Democrat,2017-01-03,2023-01-03,2191 days 00:00:00.000000000
K000393,John Kennedy,M,sen,LA,-,Republican,2017-01-03,2023-01-03,2191 days 00:00:00.000000000
H001076,Margaret Hassan,F,sen,NH,-,Democrat,2017-01-03,2023-01-03,2191 days 00:00:00.000000000
C001113,Catherine Cortez Masto,F,sen,NV,-,Democrat,2017-01-03,2023-01-03,2191 days 00:00:00.000000000
J000300,Doug Jones,M,sen,AL,-,Democrat,2018-01-03,2021-01-03,1096 days 00:00:00.000000000
S001203,Tina Smith,F,sen,MN,-,Democrat,2018-01-03,2021-01-03,1096 days 00:00:00.000000000
H001079,Cindy Hyde-Smith,F,sen,MS,-,Republican,2018-04-09,2021-01-03,1000 days 00:00:00.000000000
S001141,Jefferson Sessions,M,sen,AL,-,Republican,2015-01-06,2017-02-08,764 days 00:00:00.000000000
F000457,Alan Franken,M,sen,MN,-,Democrat,2015-01-06,2018-01-02,1092 days 00:00:00.000000000
S001202,Luther Strange,M,sen,AL,-,Republican,2017-02-09,2018-01-03,328 days 00:00:00.000000000
C000567,Thad Cochran,M,sen,MS,-,Republican,2015-01-06,2018-04-01,1181 days 00:00:00.000000000
M000303,John McCain,M,sen,AZ,-,Republican,2017-01-03,2018-08-25,599 days 00:00:00.000000000
K000352,Jon Kyl,M,sen,AZ,-,Republican,2018-09-05,2018-12-31,117 days 00:00:00.000000000
C001071,Bob Corker,M,sen,TN,-,Republican,2013-01-03,2019-01-03,2191 days 00:00:00.000000000
H000338,Orrin Hatch,M,sen,UT,-,Republican,2013-01-03,2019-01-03,2191 days 00:00:00.000000000
M001170,Claire McCaskill,F,sen,MO,-,Democrat,2013-01-03,2019-01-03,2191 days 00:00:00.000000000
N000032,Bill Nelson,M,sen,FL,-,Democrat,2013-01-03,2019-01-03,2191 days 00:00:00.000000000
D000607,Joe Donnelly,M,sen,IN,-,Democrat,2013-01-03,2019-01-03,2191 days 00:00:00.000000000
F000444,Jeff Flake,M,sen,AZ,-,Republican,2013-01-03,2019-01-03,2191 days 00:00:00.000000000
H001041,Dean Heller,M,sen,NV,-,Republican,2013-01-03,2019-01-03,2191 days 00:00:00.000000000
H001069,Heidi Heitkamp,F,sen,ND,-,Democrat,2013-01-03,2019-01-03,2191 days 00:00:00.000000000
A000055,Robert Aderholt,M,rep,AL,4,Republican,2017-01-03,2019-01-03,730 days 00:00:00.000000000
A000367,Justin Amash,M,rep,MI,3,Republican,2017-01-03,2019-01-03,730 days 00:00:00.000000000
B001270,Karen Bass,F,rep,CA,37,Democrat,2017-01-03,2019-01-03,730 days 00:00:00.000000000
B001257,Gus Bilirakis,M,rep,FL,12,Republican,2017-01-03,2019-01-03,730 days 00:00:00.000000000
B001250,Rob Bishop,M,rep,UT,1,Republican,2017-01-03,2019-01-03,730 days 00:00:00.000000000
B000490,Sanford Bishop,M,rep,GA,2,Democrat,2017-01-03,2019-01-03,730 days 00:00:00.000000000
B001243,Marsha Blackburn,F,rep,TN,7,Republican,2017-01-03,2019-01-03,730 days 00:00:00.000000000
B000574,Earl Blumenauer,M,rep,OR,3,Democrat,2017-01-03,2019-01-03,730 days 00:00:00.000000000
B000755,Kevin Brady,M,rep,TX,8,Republican,2017-01-03,2019-01-03,730 days 00:00:00.000000000
B001274,Mo Brooks,M,rep,AL,5,Republican,2017-01-03,2019-01-03,730 days 00:00:00.000000000
B001260,Vern Buchanan,M,rep,FL,16,Republican,2017-01-03,2019-01-03,730 days 00:00:00.000000000
B001275,Larry Bucshon,M,rep,IN,8,Republican,2017-01-03,2019-01-03,730 days 00:00:00.000000000
B001248,Michael Burgess,M,rep,TX,26,Republican,2017-01-03,2019-01-03,730 days 00:00:00.000000000
B001251,George Butterfield,M,rep,NC,1,Democrat,2017-01-03,2019-01-03,730 days 00:00:00.000000000
C000059,Ken Calvert,M,rep,CA,42,Republican,2017-01-03,2019-01-03,730 days 00:00:00.000000000
C001072,André Carson,M,rep,IN,7,Democrat,2017-01-03,2019-01-03,730 days 00:00:00.000000000
C001051,John Carter,M,rep,TX,31,Republican,2017-01-03,2019-01-03,730 days 00:00:00.000000000
C001066,Kathy Castor,F,rep,FL,14,Democrat,2017-01-03,2019-01-03,730 days 00:00:00.000000000
C000266,Steve Chabot,M,rep,OH,1,Republican,2017-01-03,2019-01-03,730 days 00:00:00.000000000
C001080,Judy Chu,F,rep,CA,27,Democrat,2017-01-03,2019-01-03,730 days 00:00:00.000000000
C001084,David Cicilline,M,rep,RI,1,Democrat,2017-01-03,2019-01-03,730 days 00:00:00.000000000
C001067,Yvette Clarke,F,rep,NY,9,Democrat,2017-01-03,2019-01-03,730 days 00:00:00.000000000
C001049,Wm. Clay,M,rep,MO,1,Democrat,2017-01-03,2019-01-03,730 days 00:00:00.000000000
C001061,Emanuel Cleaver,M,rep,MO,5,Democrat,2017-01-03,2019-01-03,730 days 00:00:00.000000000
C000537,James Clyburn,M,rep,SC,6,Democrat,2017-01-03,2019-01-03,730 days 00:00:00.000000000
C001068,Steve Cohen,M,rep,TN,9,Democrat,2017-01-03,2019-01-03,730 days 00:00:00.000000000
C001053,Tom Cole,M,rep,OK,4,Republican,2017-01-03,2019-01-03,730 days 00:00:00.000000000
C001062,K. Conaway,M,rep,TX,11,Republican,2017-01-03,2019-01-03,730 days 00:00:00.000000000
C001078,Gerald Connolly,M,rep,VA,11,Democrat,2017-01-03,2019-01-03,730 days 00:00:00.000000000
C000754,Jim Cooper,M,rep,TN,5,Democrat,2017-01-03,2019-01-03,730 days 00:00:00.000000000
C001059,Jim Costa,M,rep,CA,16,Democrat,2017-01-03,2019-01-03,730 days 00:00:00.000000000
C001069,Joe Courtney,M,rep,CT,2,Democrat,2017-01-03,2019-01-03,730 days 00:00:00.000000000
C001087,Eric Crawford,M,rep,AR,1,Republican,2017-01-03,2019-01-03,730 days 00:00:00.000000000
C001063,Henry Cuellar,M,rep,TX,28,Democrat,2017-01-03,2019-01-03,730 days 00:00:00.000000000
D000096,Danny Davis,M,rep,IL,7,Democrat,2017-01-03,2019-01-03,730 days 00:00:00.000000000
D000598,Susan Davis,F,rep,CA,53,Democrat,2017-01-03,2019-01-03,730 days 00:00:00.000000000
D000191,Peter DeFazio,M,rep,OR,4,Democrat,2017-01-03,2019-01-03,730 days 00:00:00.000000000
D000197,Diana DeGette,F,rep,CO,1,Democrat,2017-01-03,2019-01-03,730 days 00:00:00.000000000
D000216,Rosa DeLauro,F,rep,CT,3,Democrat,2017-01-03,2019-01-03,730 days 00:00:00.000000000
D000616,Scott DesJarlais,M,rep,TN,4,Republican,2017-01-03,2019-01-03,730 days 00:00:00.000000000
D000610,Theodore Deutch,M,rep,FL,22,Democrat,2017-01-03,2019-01-03,730 days 00:00:00.000000000
D000600,Mario Diaz-Balart,M,rep,FL,25,Republican,2017-01-03,2019-01-03,730 days 00:00:00.000000000
D000399,Lloyd Doggett,M,rep,TX,35,Democrat,2017-01-03,2019-01-03,730 days 00:00:00.000000000
D000482,Michael Doyle,M,rep,PA,14,Democrat,2017-01-03,2019-01-03,730 days 00:00:00.000000000
D000615,Jeff Duncan,M,rep,SC,3,Republican,2017-01-03,2019-01-03,730 days 00:00:00.000000000
E000179,Eliot Engel,M,rep,NY,16,Democrat,2017-01-03,2019-01-03,730 days 00:00:00.000000000
E000215,Anna Eshoo,F,rep,CA,18,Democrat,2017-01-03,2019-01-03,730 days 00:00:00.000000000
F000459,Charles Fleischmann,M,rep,TN,3,Republican,2017-01-03,2019-01-03,730 days 00:00:00.000000000
F000461,Bill Flores,M,rep,TX,17,Republican,2017-01-03,2019-01-03,730 days 00:00:00.000000000
F000449,Jeff Fortenberry,M,rep,NE,1,Republican,2017-01-03,2019-01-03,730 days 00:00:00.000000000
F000450,Virginia Foxx,F,rep,NC,5,Republican,2017-01-03,2019-01-03,730 days 00:00:00.000000000
F000455,Marcia Fudge,F,rep,OH,11,Democrat,2017-01-03,2019-01-03,730 days 00:00:00.000000000
G000559,John Garamendi,M,rep,CA,3,Democrat,2017-01-03,2019-01-03,730 days 00:00:00.000000000
G000563,Bob Gibbs,M,rep,OH,7,Republican,2017-01-03,2019-01-03,730 days 00:00:00.000000000
G000552,Louie Gohmert,M,rep,TX,1,Republican,2017-01-03,2019-01-03,730 days 00:00:00.000000000
G000565,Paul Gosar,M,rep,AZ,4,Republican,2017-01-03,2019-01-03,730 days 00:00:00.000000000
G000377,Kay Granger,F,rep,TX,12,Republican,2017-01-03,2019-01-03,730 days 00:00:00.000000000
G000546,Sam Graves,M,rep,MO,6,Republican,2017-01-03,2019-01-03,730 days 00:00:00.000000000
G000560,Tom Graves,M,rep,GA,14,Republican,2017-01-03,2019-01-03,730 days 00:00:00.000000000
G000553,Al Green,M,rep,TX,9,Democrat,2017-01-03,2019-01-03,730 days 00:00:00.000000000
G000568,H. Griffith,M,rep,VA,9,Republican,2017-01-03,2019-01-03,730 days 00:00:00.000000000
G000551,Raúl Grijalva,M,rep,AZ,3,Democrat,2017-01-03,2019-01-03,730 days 00:00:00.000000000
G000558,Brett Guthrie,M,rep,KY,2,Republican,2017-01-03,2019-01-03,730 days 00:00:00.000000000
H001052,Andy Harris,M,rep,MD,1,Republican,2017-01-03,2019-01-03,730 days 00:00:00.000000000
H001053,Vicky Hartzler,F,rep,MO,4,Republican,2017-01-03,2019-01-03,730 days 00:00:00.000000000
H000324,Alcee Hastings,M,rep,FL,20,Democrat,2017-01-03,2019-01-03,730 days 00:00:00.000000000
H001056,Jaime Herrera Beutler,F,rep,WA,3,Republican,2017-01-03,2019-01-03,730 days 00:00:00.000000000
H001038,Brian Higgins,M,rep,NY,26,Democrat,2017-01-03,2019-01-03,730 days 00:00:00.000000000
H001047,James Himes,M,rep,CT,4,Democrat,2017-01-03,2019-01-03,730 days 00:00:00.000000000
H000874,Steny Hoyer,M,rep,MD,5,Democrat,2017-01-03,2019-01-03,730 days 00:00:00.000000000
H001058,Bill Huizenga,M,rep,MI,2,Republican,2017-01-03,2019-01-03,730 days 00:00:00.000000000
H001048,Duncan Hunter,M,rep,CA,50,Republican,2017-01-03,2019-01-03,730 days 00:00:00.000000000
J000032,Sheila Jackson Lee,F,rep,TX,18,Democrat,2017-01-03,2019-01-03,730 days 00:00:00.000000000
J000292,Bill Johnson,M,rep,OH,6,Republican,2017-01-03,2019-01-03,730 days 00:00:00.000000000
J000126,Eddie Johnson,F,rep,TX,30,Democrat,2017-01-03,2019-01-03,730 days 00:00:00.000000000
J000288,Henry Johnson,M,rep,GA,4,Democrat,2017-01-03,2019-01-03,730 days 00:00:00.000000000
J000289,Jim Jordan,M,rep,OH,4,Republican,2017-01-03,2019-01-03,730 days 00:00:00.000000000
K000009,Marcy Kaptur,F,rep,OH,9,Democrat,2017-01-03,2019-01-03,730 days 00:00:00.000000000
K000375,William Keating,M,rep,MA,9,Democrat,2017-01-03,2019-01-03,730 days 00:00:00.000000000
K000376,Mike Kelly,M,rep,PA,3,Republican,2017-01-03,2019-01-03,730 days 00:00:00.000000000
K000188,Ron Kind,M,rep,WI,3,Democrat,2017-01-03,2019-01-03,730 days 00:00:00.000000000
K000210,Peter King,M,rep,NY,2,Republican,2017-01-03,2019-01-03,730 days 00:00:00.000000000
K000362,Steve King,M,rep,IA,4,Republican,2017-01-03,2019-01-03,730 days 00:00:00.000000000
K000378,Adam Kinzinger,M,rep,IL,16,Republican,2017-01-03,2019-01-03,730 days 00:00:00.000000000
L000564,Doug Lamborn,M,rep,CO,5,Republican,2017-01-03,2019-01-03,730 days 00:00:00.000000000
L000559,James Langevin,M,rep,RI,2,Democrat,2017-01-03,2019-01-03,730 days 00:00:00.000000000
L000560,Rick Larsen,M,rep,WA,2,Democrat,2017-01-03,2019-01-03,730 days 00:00:00.000000000
L000557,John Larson,M,rep,CT,1,Democrat,2017-01-03,2019-01-03,730 days 00:00:00.000000000
L000566,Robert Latta,M,rep,OH,5,Republican,2017-01-03,2019-01-03,730 days 00:00:00.000000000
L000551,Barbara Lee,F,rep,CA,13,Democrat,2017-01-03,2019-01-03,730 days 00:00:00.000000000
L000287,John Lewis,M,rep,GA,5,Democrat,2017-01-03,2019-01-03,730 days 00:00:00.000000000
L000563,Daniel Lipinski,M,rep,IL,3,Democrat,2017-01-03,2019-01-03,730 days 00:00:00.000000000
L000565,David Loebsack,M,rep,IA,2,Democrat,2017-01-03,2019-01-03,730 days 00:00:00.000000000
L000397,Zoe Lofgren,F,rep,CA,19,Democrat,2017-01-03,2019-01-03,730 days 00:00:00.000000000
L000576,Billy Long,M,rep,MO,7,Republican,2017-01-03,2019-01-03,730 days 00:00:00.000000000
L000480,Nita Lowey,F,rep,NY,17,Democrat,2017-01-03,2019-01-03,730 days 00:00:00.000000000
L000491,Frank Lucas,M,rep,OK,3,Republican,2017-01-03,2019-01-03,730 days 00:00:00.000000000
L000569,Blaine Luetkemeyer,M,rep,MO,3,Republican,2017-01-03,2019-01-03,730 days 00:00:00.000000000
L000570,Ben Luján,M,rep,NM,3,Democrat,2017-01-03,2019-01-03,730 days 00:00:00.000000000
L000562,Stephen Lynch,M,rep,MA,8,Democrat,2017-01-03,2019-01-03,730 days 00:00:00.000000000
M000087,Carolyn Maloney,F,rep,NY,12,Democrat,2017-01-03,2019-01-03,730 days 00:00:00.000000000
M001158,Kenny Marchant,M,rep,TX,24,Republican,2017-01-03,2019-01-03,730 days 00:00:00.000000000
M001163,Doris Matsui,F,rep,CA,6,Democrat,2017-01-03,2019-01-03,730 days 00:00:00.000000000
M001165,Kevin McCarthy,M,rep,CA,23,Republican,2017-01-03,2019-01-03,730 days 00:00:00.000000000
M001157,Michael McCaul,M,rep,TX,10,Republican,2017-01-03,2019-01-03,730 days 00:00:00.000000000
M001177,Tom McClintock,M,rep,CA,4,Republican,2017-01-03,2019-01-03,730 days 00:00:00.000000000
M001143,Betty McCollum,F,rep,MN,4,Democrat,2017-01-03,2019-01-03,730 days 00:00:00.000000000
M000312,James McGovern,M,rep,MA,2,Democrat,2017-01-03,2019-01-03,730 days 00:00:00.000000000
M001156,Patrick McHenry,M,rep,NC,10,Republican,2017-01-03,2019-01-03,730 days 00:00:00.000000000
M001180,David McKinley,M,rep,WV,1,Republican,2017-01-03,2019-01-03,730 days 00:00:00.000000000
M001159,Cathy McMorris Rodgers,F,rep,WA,5,Republican,2017-01-03,2019-01-03,730 days 00:00:00.000000000
M001166,Jerry McNerney,M,rep,CA,9,Democrat,2017-01-03,2019-01-03,730 days 00:00:00.000000000
M001137,Gregory Meeks,M,rep,NY,5,Democrat,2017-01-03,2019-01-03,730 days 00:00:00.000000000
M001160,Gwen Moore,F,rep,WI,4,Democrat,2017-01-03,2019-01-03,730 days 00:00:00.000000000
N000002,Jerrold Nadler,M,rep,NY,10,Democrat,2017-01-03,2019-01-03,730 days 00:00:00.000000000
N000179,Grace Napolitano,F,rep,CA,32,Democrat,2017-01-03,2019-01-03,730 days 00:00:00.000000000
N000015,Richard Neal,M,rep,MA,1,Democrat,2017-01-03,2019-01-03,730 days 00:00:00.000000000
N000181,Devin Nunes,M,rep,CA,22,Republican,2017-01-03,2019-01-03,730 days 00:00:00.000000000
O000168,Pete Olson,M,rep,TX,22,Republican,2017-01-03,2019-01-03,730 days 00:00:00.000000000
P000601,Steven Palazzo,M,rep,MS,4,Republican,2017-01-03,2019-01-03,730 days 00:00:00.000000000
P000034,Frank Pallone,M,rep,NJ,6,Democrat,2017-01-03,2019-01-03,730 days 00:00:00.000000000
P000096,Bill Pascrell,M,rep,NJ,9,Democrat,2017-01-03,2019-01-03,730 days 00:00:00.000000000
P000197,Nancy Pelosi,F,rep,CA,12,Democrat,2017-01-03,2019-01-03,730 days 00:00:00.000000000
P000593,Ed Perlmutter,M,rep,CO,7,Democrat,2017-01-03,2019-01-03,730 days 00:00:00.000000000
P000258,Collin Peterson,M,rep,MN,7,Democrat,2017-01-03,2019-01-03,730 days 00:00:00.000000000
P000597,Chellie Pingree,F,rep,ME,1,Democrat,2017-01-03,2019-01-03,730 days 00:00:00.000000000
P000599,Bill Posey,M,rep,FL,8,Republican,2017-01-03,2019-01-03,730 days 00:00:00.000000000
P000523,David Price,M,rep,NC,4,Democrat,2017-01-03,2019-01-03,730 days 00:00:00.000000000
Q000023,Mike Quigley,M,rep,IL,5,Democrat,2017-01-03,2019-01-03,730 days 00:00:00.000000000
R000585,Tom Reed,M,rep,NY,23,Republican,2017-01-03,2019-01-03,730 days 00:00:00.000000000
R000588,Cedric Richmond,M,rep,LA,2,Democrat,2017-01-03,2019-01-03,730 days 00:00:00.000000000
R000591,Martha Roby,F,rep,AL,2,Republican,2017-01-03,2019-01-03,730 days 00:00:00.000000000
R000582,David Roe,M,rep,TN,1,Republican,2017-01-03,2019-01-03,730 days 00:00:00.000000000
R000395,Harold Rogers,M,rep,KY,5,Republican,2017-01-03,2019-01-03,730 days 00:00:00.000000000
R000575,Mike Rogers,M,rep,AL,3,Republican,2017-01-03,2019-01-03,730 days 00:00:00.000000000
R000486,Lucille Roybal-Allard,F,rep,CA,40,Democrat,2017-01-03,2019-01-03,730 days 00:00:00.000000000
R000576,C. Ruppersberger,M,rep,MD,2,Democrat,2017-01-03,2019-01-03,730 days 00:00:00.000000000
R000515,Bobby Rush,M,rep,IL,1,Democrat,2017-01-03,2019-01-03,730 days 00:00:00.000000000
R000577,Tim Ryan,M,rep,OH,13,Democrat,2017-01-03,2019-01-03,730 days 00:00:00.000000000
S001168,John Sarbanes,M,rep,MD,3,Democrat,2017-01-03,2019-01-03,730 days 00:00:00.000000000
S001176,Steve Scalise,M,rep,LA,1,Republican,2017-01-03,2019-01-03,730 days 00:00:00.000000000
S001145,Janice Schakowsky,F,rep,IL,9,Democrat,2017-01-03,2019-01-03,730 days 00:00:00.000000000
S001150,Adam Schiff,M,rep,CA,28,Democrat,2017-01-03,2019-01-03,730 days 00:00:00.000000000
S001180,Kurt Schrader,M,rep,OR,5,Democrat,2017-01-10,2019-01-03,723 days 00:00:00.000000000
S001183,David Schweikert,M,rep,AZ,6,Republican,2017-01-03,2019-01-03,730 days 00:00:00.000000000
S001189,Austin Scott,M,rep,GA,8,Republican,2017-01-03,2019-01-03,730 days 00:00:00.000000000
S001157,David Scott,M,rep,GA,13,Democrat,2017-01-03,2019-01-03,730 days 00:00:00.000000000
S000185,Robert Scott,M,rep,VA,3,Democrat,2017-01-03,2019-01-03,730 days 00:00:00.000000000
S000244,F. Sensenbrenner,M,rep,WI,5,Republican,2017-01-03,2019-01-03,730 days 00:00:00.000000000
S000248,José Serrano,M,rep,NY,15,Democrat,2017-01-03,2019-01-03,730 days 00:00:00.000000000
S001185,Terri Sewell,F,rep,AL,7,Democrat,2017-01-03,2019-01-03,730 days 00:00:00.000000000
S000344,Brad Sherman,M,rep,CA,30,Democrat,2017-01-03,2019-01-03,730 days 00:00:00.000000000
S000364,John Shimkus,M,rep,IL,15,Republican,2017-01-03,2019-01-03,730 days 00:00:00.000000000
S001148,Michael Simpson,M,rep,ID,2,Republican,2017-01-03,2019-01-03,730 days 00:00:00.000000000
S001165,Albio Sires,M,rep,NJ,8,Democrat,2017-01-03,2019-01-03,730 days 00:00:00.000000000
S000510,Adam Smith,M,rep,WA,9,Democrat,2017-01-03,2019-01-03,730 days 00:00:00.000000000
S001172,Adrian Smith,M,rep,NE,3,Republican,2017-01-03,2019-01-03,730 days 00:00:00.000000000
S000522,Christopher Smith,M,rep,NJ,4,Republican,2017-01-03,2019-01-03,730 days 00:00:00.000000000
S001175,Jackie Speier,F,rep,CA,14,Democrat,2017-01-03,2019-01-03,730 days 00:00:00.000000000
S001187,Steve Stivers,M,rep,OH,15,Republican,2017-01-03,2019-01-03,730 days 00:00:00.000000000
S001156,Linda Sánchez,F,rep,CA,38,Democrat,2017-01-03,2019-01-03,730 days 00:00:00.000000000
T000193,Bennie Thompson,M,rep,MS,2,Democrat,2017-01-03,2019-01-03,730 days 00:00:00.000000000
T000460,Mike Thompson,M,rep,CA,5,Democrat,2017-01-03,2019-01-03,730 days 00:00:00.000000000
T000467,Glenn Thompson,M,rep,PA,5,Republican,2017-01-03,2019-01-03,730 days 00:00:00.000000000
T000238,Mac Thornberry,M,rep,TX,13,Republican,2017-01-03,2019-01-03,730 days 00:00:00.000000000
T000470,Scott Tipton,M,rep,CO,3,Republican,2017-01-03,2019-01-03,730 days 00:00:00.000000000
T000469,Paul Tonko,M,rep,NY,20,Democrat,2017-01-03,2019-01-03,730 days 00:00:00.000000000
T000463,Michael Turner,M,rep,OH,10,Republican,2017-01-03,2019-01-03,730 days 00:00:00.000000000
U000031,Fred Upton,M,rep,MI,6,Republican,2017-01-03,2019-01-03,730 days 00:00:00.000000000
V000081,Nydia Velázquez,F,rep,NY,7,Democrat,2017-01-03,2019-01-03,730 days 00:00:00.000000000
V000108,Peter Visclosky,M,rep,IN,1,Democrat,2017-01-03,2019-01-03,730 days 00:00:00.000000000
W000798,Tim Walberg,M,rep,MI,7,Republican,2017-01-03,2019-01-03,730 days 00:00:00.000000000
W000791,Greg Walden,M,rep,OR,2,Republican,2017-01-03,2019-01-03,730 days 00:00:00.000000000
W000797,Debbie Wasserman Schultz,F,rep,FL,23,Democrat,2017-01-03,2019-01-03,730 days 00:00:00.000000000
W000187,Maxine Waters,F,rep,CA,43,Democrat,2017-01-03,2019-01-03,730 days 00:00:00.000000000
W000806,Daniel Webster,M,rep,FL,11,Republican,2017-01-03,2019-01-03,730 days 00:00:00.000000000
W000800,Peter Welch,M,rep,VT,0,Democrat,2017-01-03,2019-01-03,730 days 00:00:00.000000000
W000795,Joe Wilson,M,rep,SC,2,Republican,2017-01-03,2019-01-03,730 days 00:00:00.000000000
W000808,Frederica Wilson,F,rep,FL,24,Democrat,2017-01-03,2019-01-03,730 days 00:00:00.000000000
W000804,Robert Wittman,M,rep,VA,1,Republican,2017-01-03,2019-01-03,730 days 00:00:00.000000000
W000809,Steve Womack,M,rep,AR,3,Republican,2017-01-03,2019-01-03,730 days 00:00:00.000000000
W000810,Rob Woodall,M,rep,GA,7,Republican,2017-01-03,2019-01-03,730 days 00:00:00.000000000
Y000062,John Yarmuth,M,rep,KY,3,Democrat,2017-01-03,2019-01-03,730 days 00:00:00.000000000
Y000033,Don Young,M,rep,AK,0,Republican,2017-01-03,2019-01-03,730 days 00:00:00.000000000
A000369,Mark Amodei,M,rep,NV,2,Republican,2017-01-03,2019-01-03,730 days 00:00:00.000000000
B001278,Suzanne Bonamici,F,rep,OR,1,Democrat,2017-01-03,2019-01-03,730 days 00:00:00.000000000
D000617,Suzan DelBene,F,rep,WA,1,Democrat,2017-01-03,2019-01-03,730 days 00:00:00.000000000
M001184,Thomas Massie,M,rep,KY,4,Republican,2017-01-03,2019-01-03,730 days 00:00:00.000000000
P000604,Donald Payne,M,rep,NJ,10,Democrat,2017-01-03,2019-01-03,730 days 00:00:00.000000000
F000454,Bill Foster,M,rep,IL,11,Democrat,2017-01-03,2019-01-03,730 days 00:00:00.000000000
T000468,Dina Titus,F,rep,NV,1,Democrat,2017-01-03,2019-01-03,730 days 00:00:00.000000000
S001191,Kyrsten Sinema,F,rep,AZ,9,Democrat,2017-01-03,2019-01-03,730 days 00:00:00.000000000
L000578,Doug LaMalfa,M,rep,CA,1,Republican,2017-01-03,2019-01-03,730 days 00:00:00.000000000
H001068,Jared Huffman,M,rep,CA,2,Democrat,2017-01-03,2019-01-03,730 days 00:00:00.000000000
B001287,Ami Bera,M,rep,CA,7,Democrat,2017-01-03,2019-01-03,730 days 00:00:00.000000000
C001094,Paul Cook,M,rep,CA,8,Republican,2017-01-03,2019-01-03,730 days 00:00:00.000000000
S001193,Eric Swalwell,M,rep,CA,15,Democrat,2017-01-03,2019-01-03,730 days 00:00:00.000000000
B001285,Julia Brownley,F,rep,CA,26,Democrat,2017-01-03,2019-01-03,730 days 00:00:00.000000000
C001097,Tony Cárdenas,M,rep,CA,29,Democrat,2017-01-03,2019-01-03,730 days 00:00:00.000000000
R000599,Raul Ruiz,M,rep,CA,36,Democrat,2017-01-03,2019-01-03,730 days 00:00:00.000000000
T000472,Mark Takano,M,rep,CA,41,Democrat,2017-01-03,2019-01-03,730 days 00:00:00.000000000
L000579,Alan Lowenthal,M,rep,CA,47,Democrat,2017-01-03,2019-01-03,730 days 00:00:00.000000000
V000130,Juan Vargas,M,rep,CA,51,Democrat,2017-01-03,2019-01-03,730 days 00:00:00.000000000
P000608,Scott Peters,M,rep,CA,52,Democrat,2017-01-03,2019-01-03,730 days 00:00:00.000000000
Y000065,Ted Yoho,M,rep,FL,3,Republican,2017-01-03,2019-01-03,730 days 00:00:00.000000000
F000462,Lois Frankel,F,rep,FL,21,Democrat,2017-01-03,2019-01-03,730 days 00:00:00.000000000
C001093,Doug Collins,M,rep,GA,9,Republican,2017-01-03,2019-01-03,730 days 00:00:00.000000000
G000571,Tulsi Gabbard,F,rep,HI,2,Democrat,2017-01-03,2019-01-03,730 days 00:00:00.000000000
D000619,Rodney Davis,M,rep,IL,13,Republican,2017-01-03,2019-01-03,730 days 00:00:00.000000000
B001286,Cheri Bustos,F,rep,IL,17,Democrat,2017-01-03,2019-01-03,730 days 00:00:00.000000000
W000813,Jackie Walorski,F,rep,IN,2,Republican,2017-01-03,2019-01-03,730 days 00:00:00.000000000
B001284,Susan Brooks,F,rep,IN,5,Republican,2017-01-03,2019-01-03,730 days 00:00:00.000000000
B001282,Garland Barr,M,rep,KY,6,Republican,2017-01-03,2019-01-03,730 days 00:00:00.000000000
K000379,Joseph Kennedy,M,rep,MA,4,Democrat,2017-01-03,2019-01-03,730 days 00:00:00.000000000
K000380,Daniel Kildee,M,rep,MI,5,Democrat,2017-01-03,2019-01-03,730 days 00:00:00.000000000
W000812,Ann Wagner,F,rep,MO,2,Republican,2017-01-03,2019-01-03,730 days 00:00:00.000000000
H001067,Richard Hudson,M,rep,NC,8,Republican,2017-01-03,2019-01-03,730 days 00:00:00.000000000
M001187,Mark Meadows,M,rep,NC,11,Republican,2017-01-03,2019-01-03,730 days 00:00:00.000000000
H001065,George Holding,M,rep,NC,2,Republican,2017-01-03,2019-01-03,730 days 00:00:00.000000000
C001096,Kevin Cramer,M,rep,ND,0,Republican,2017-01-03,2019-01-03,730 days 00:00:00.000000000
K000382,Ann Kuster,F,rep,NH,2,Democrat,2017-01-03,2019-01-03,730 days 00:00:00.000000000
M001188,Grace Meng,F,rep,NY,6,Democrat,2017-01-03,2019-01-03,730 days 00:00:00.000000000
J000294,Hakeem Jeffries,M,rep,NY,8,Democrat,2017-01-03,2019-01-03,730 days 00:00:00.000000000
M001185,Sean Maloney,M,rep,NY,18,Democrat,2017-01-03,2019-01-03,730 days 00:00:00.000000000
W000815,Brad Wenstrup,M,rep,OH,2,Republican,2017-01-03,2019-01-03,730 days 00:00:00.000000000
B001281,Joyce Beatty,F,rep,OH,3,Democrat,2017-01-03,2019-01-03,730 days 00:00:00.000000000
J000295,David Joyce,M,rep,OH,14,Republican,2017-01-03,2019-01-03,730 days 00:00:00.000000000
M001190,Markwayne Mullin,M,rep,OK,2,Republican,2017-01-03,2019-01-03,730 days 00:00:00.000000000
P000605,Scott Perry,M,rep,PA,4,Republican,2017-01-03,2019-01-03,730 days 00:00:00.000000000
C001090,Matthew Cartwright,M,rep,PA,17,Democrat,2017-01-03,2019-01-03,730 days 00:00:00.000000000
R000597,Tom Rice,M,rep,SC,7,Republican,2017-01-03,2019-01-03,730 days 00:00:00.000000000
W000814,Randy Weber,M,rep,TX,14,Republican,2017-01-03,2019-01-03,730 days 00:00:00.000000000
C001091,Joaquin Castro,M,rep,TX,20,Democrat,2017-01-03,2019-01-03,730 days 00:00:00.000000000
W000816,Roger Williams,M,rep,TX,25,Republican,2017-01-03,2019-01-03,730 days 00:00:00.000000000
V000131,Marc Veasey,M,rep,TX,33,Democrat,2017-01-03,2019-01-03,730 days 00:00:00.000000000
V000132,Filemon Vela,M,rep,TX,34,Democrat,2017-01-03,2019-01-03,730 days 00:00:00.000000000
S001192,Chris Stewart,M,rep,UT,2,Republican,2017-01-03,2019-01-03,730 days 00:00:00.000000000
K000381,Derek Kilmer,M,rep,WA,6,Democrat,2017-01-03,2019-01-03,730 days 00:00:00.000000000
H001064,Denny Heck,M,rep,WA,10,Democrat,2017-01-03,2019-01-03,730 days 00:00:00.000000000
P000607,Mark Pocan,M,rep,WI,2,Democrat,2017-01-03,2019-01-03,730 days 00:00:00.000000000
K000385,Robin Kelly,F,rep,IL,2,Democrat,2017-01-03,2019-01-03,730 days 00:00:00.000000000
S001195,Jason Smith,M,rep,MO,8,Republican,2017-01-03,2019-01-03,730 days 00:00:00.000000000
C001101,Katherine Clark,F,rep,MA,5,Democrat,2017-01-03,2019-01-03,730 days 00:00:00.000000000
B001289,Bradley Byrne,M,rep,AL,1,Republican,2017-01-03,2019-01-03,730 days 00:00:00.000000000
N000188,Donald Norcross,M,rep,NJ,1,Democrat,2017-01-03,2019-01-03,730 days 00:00:00.000000000
A000370,Alma Adams,F,rep,NC,12,Democrat,2017-01-03,2019-01-03,730 days 00:00:00.000000000
P000609,Gary Palmer,M,rep,AL,6,Republican,2017-01-03,2019-01-03,730 days 00:00:00.000000000
H001072,French Hill,M,rep,AR,2,Republican,2017-01-03,2019-01-03,730 days 00:00:00.000000000
W000821,Bruce Westerman,M,rep,AR,4,Republican,2017-01-03,2019-01-03,730 days 00:00:00.000000000
G000574,Ruben Gallego,M,rep,AZ,7,Democrat,2017-01-03,2019-01-03,730 days 00:00:00.000000000
D000623,Mark DeSaulnier,M,rep,CA,11,Democrat,2017-01-03,2019-01-03,730 days 00:00:00.000000000
A000371,Pete Aguilar,M,rep,CA,31,Democrat,2017-01-03,2019-01-03,730 days 00:00:00.000000000
L000582,Ted Lieu,M,rep,CA,33,Democrat,2017-01-03,2019-01-03,730 days 00:00:00.000000000
T000474,Norma Torres,F,rep,CA,35,Democrat,2017-01-03,2019-01-03,730 days 00:00:00.000000000
B001297,Ken Buck,M,rep,CO,4,Republican,2017-01-03,2019-01-03,730 days 00:00:00.000000000
C001103,Buddy Carter,M,rep,GA,1,Republican,2017-01-03,2019-01-03,730 days 00:00:00.000000000
H001071,Jody Hice,M,rep,GA,10,Republican,2017-01-03,2019-01-03,730 days 00:00:00.000000000
L000583,Barry Loudermilk,M,rep,GA,11,Republican,2017-01-03,2019-01-03,730 days 00:00:00.000000000
A000372,Rick Allen,M,rep,GA,12,Republican,2017-01-03,2019-01-03,730 days 00:00:00.000000000
B001295,Mike Bost,M,rep,IL,12,Republican,2017-01-03,2019-01-03,730 days 00:00:00.000000000
A000374,Ralph Abraham,M,rep,LA,5,Republican,2017-01-03,2019-01-03,730 days 00:00:00.000000000
G000577,Garret Graves,M,rep,LA,6,Republican,2017-01-03,2019-01-03,730 days 00:00:00.000000000
M001196,Seth Moulton,M,rep,MA,6,Democrat,2017-01-03,2019-01-03,730 days 00:00:00.000000000
M001194,John Moolenaar,M,rep,MI,4,Republican,2017-01-03,2019-01-03,730 days 00:00:00.000000000
D000624,Debbie Dingell,F,rep,MI,12,Democrat,2017-01-03,2019-01-03,730 days 00:00:00.000000000
L000581,Brenda Lawrence,F,rep,MI,14,Democrat,2017-01-03,2019-01-03,730 days 00:00:00.000000000
E000294,Tom Emmer,M,rep,MN,6,Republican,2017-01-03,2019-01-03,730 days 00:00:00.000000000
R000603,David Rouzer,M,rep,NC,7,Republican,2017-01-03,2019-01-03,730 days 00:00:00.000000000
W000822,Bonnie Watson Coleman,F,rep,NJ,12,Democrat,2017-01-03,2019-01-03,730 days 00:00:00.000000000
Z000017,Lee Zeldin,M,rep,NY,1,Republican,2017-01-03,2019-01-03,730 days 00:00:00.000000000
R000602,Kathleen Rice,F,rep,NY,4,Democrat,2017-01-03,2019-01-03,730 days 00:00:00.000000000
S001196,Elise Stefanik,F,rep,NY,21,Republican,2017-01-03,2019-01-03,730 days 00:00:00.000000000
K000386,John Katko,M,rep,NY,24,Republican,2017-01-03,2019-01-03,730 days 00:00:00.000000000
B001296,Brendan Boyle,M,rep,PA,13,Democrat,2017-01-03,2019-01-03,730 days 00:00:00.000000000
R000601,John Ratcliffe,M,rep,TX,4,Republican,2017-01-03,2019-01-03,730 days 00:00:00.000000000
H001073,Will Hurd,M,rep,TX,23,Republican,2017-01-03,2019-01-03,730 days 00:00:00.000000000
B001291,Brian Babin,M,rep,TX,36,Republican,2017-01-03,2019-01-03,730 days 00:00:00.000000000
B001292,Donald Beyer,M,rep,VA,8,Democrat,2017-01-03,2019-01-03,730 days 00:00:00.000000000
N000189,Dan Newhouse,M,rep,WA,4,Republican,2017-01-03,2019-01-03,730 days 00:00:00.000000000
G000576,Glenn Grothman,M,rep,WI,6,Republican,2017-01-03,2019-01-03,730 days 00:00:00.000000000
M001195,Alex Mooney,M,rep,WV,2,Republican,2017-01-03,2019-01-03,730 days 00:00:00.000000000
W000819,Mark Walker,M,rep,NC,6,Republican,2017-01-03,2019-01-03,730 days 00:00:00.000000000
K000388,Trent Kelly,M,rep,MS,1,Republican,2017-01-03,2019-01-03,730 days 00:00:00.000000000
L000585,Darin LaHood,M,rep,IL,18,Republican,2017-01-03,2019-01-03,730 days 00:00:00.000000000
D000626,Warren Davidson,M,rep,OH,8,Republican,2017-01-03,2019-01-03,730 days 00:00:00.000000000
C001108,James Comer,M,rep,KY,1,Republican,2017-01-03,2019-01-03,730 days 00:00:00.000000000
E000296,Dwight Evans,M,rep,PA,2,Democrat,2017-01-03,2019-01-03,730 days 00:00:00.000000000
S001190,Bradley Schneider,M,rep,IL,10,Democrat,2017-01-03,2019-01-03,730 days 00:00:00.000000000
O000171,Tom O’Halleran,M,rep,AZ,1,Democrat,2017-01-03,2019-01-03,730 days 00:00:00.000000000
B001302,Andy Biggs,M,rep,AZ,5,Republican,2017-01-03,2019-01-03,730 days 00:00:00.000000000
K000389,Ro Khanna,M,rep,CA,17,Democrat,2017-01-03,2019-01-03,730 days 00:00:00.000000000
P000613,Jimmy Panetta,M,rep,CA,20,Democrat,2017-01-03,2019-01-03,730 days 00:00:00.000000000
C001112,Salud Carbajal,M,rep,CA,24,Democrat,2017-01-03,2019-01-03,730 days 00:00:00.000000000
B001300,Nanette Barragán,F,rep,CA,44,Democrat,2017-01-03,2019-01-03,730 days 00:00:00.000000000
C001110,J. Correa,M,rep,CA,46,Democrat,2017-01-03,2019-01-03,730 days 00:00:00.000000000
B001303,Lisa Blunt Rochester,F,rep,DE,0,Democrat,2017-01-03,2019-01-03,730 days 00:00:00.000000000
G000578,Matt Gaetz,M,rep,FL,1,Republican,2017-01-03,2019-01-03,730 days 00:00:00.000000000
D000628,Neal Dunn,M,rep,FL,2,Republican,2017-01-03,2019-01-03,730 days 00:00:00.000000000
R000609,John Rutherford,M,rep,FL,4,Republican,2017-01-03,2019-01-03,730 days 00:00:00.000000000
L000586,Al Lawson,M,rep,FL,5,Democrat,2017-01-03,2019-01-03,730 days 00:00:00.000000000
M001202,Stephanie Murphy,F,rep,FL,7,Democrat,2017-01-03,2019-01-03,730 days 00:00:00.000000000
S001200,Darren Soto,M,rep,FL,9,Democrat,2017-01-03,2019-01-03,730 days 00:00:00.000000000
D000627,Val Demings,F,rep,FL,10,Democrat,2017-01-03,2019-01-03,730 days 00:00:00.000000000
C001111,Charlie Crist,M,rep,FL,13,Democrat,2017-01-03,2019-01-03,730 days 00:00:00.000000000
M001199,Brian Mast,M,rep,FL,18,Republican,2017-01-03,2019-01-03,730 days 00:00:00.000000000
R000607,Francis Rooney,M,rep,FL,19,Republican,2017-01-03,2019-01-03,730 days 00:00:00.000000000
F000465,A. Ferguson,M,rep,GA,3,Republican,2017-01-03,2019-01-03,730 days 00:00:00.000000000
K000391,Raja Krishnamoorthi,M,rep,IL,8,Democrat,2017-01-03,2019-01-03,730 days 00:00:00.000000000
B001299,Jim Banks,M,rep,IN,3,Republican,2017-01-03,2019-01-03,730 days 00:00:00.000000000
H001074,Trey Hollingsworth,M,rep,IN,9,Republican,2017-01-03,2019-01-03,730 days 00:00:00.000000000
M001198,Roger Marshall,M,rep,KS,1,Republican,2017-01-03,2019-01-03,730 days 00:00:00.000000000
H001077,Clay Higgins,M,rep,LA,3,Republican,2017-01-03,2019-01-03,730 days 00:00:00.000000000
J000299,Mike Johnson,M,rep,LA,4,Republican,2017-01-03,2019-01-03,730 days 00:00:00.000000000
B001304,Anthony Brown,M,rep,MD,4,Democrat,2017-01-03,2019-01-03,730 days 00:00:00.000000000
R000606,Jamie Raskin,M,rep,MD,8,Democrat,2017-01-03,2019-01-03,730 days 00:00:00.000000000
B001301,Jack Bergman,M,rep,MI,1,Republican,2017-01-03,2019-01-03,730 days 00:00:00.000000000
M001201,Paul Mitchell,M,rep,MI,10,Republican,2017-01-03,2019-01-03,730 days 00:00:00.000000000
B001305,Ted Budd,M,rep,NC,13,Republican,2017-01-03,2019-01-03,730 days 00:00:00.000000000
B001298,Don Bacon,M,rep,NE,2,Republican,2017-01-03,2019-01-03,730 days 00:00:00.000000000
G000583,Josh Gottheimer,M,rep,NJ,5,Democrat,2017-01-03,2019-01-03,730 days 00:00:00.000000000
R000608,Jacky Rosen,F,rep,NV,3,Democrat,2017-01-03,2019-01-03,730 days 00:00:00.000000000
S001201,Thomas Suozzi,M,rep,NY,3,Democrat,2017-01-03,2019-01-03,730 days 00:00:00.000000000
E000297,Adriano Espaillat,M,rep,NY,13,Democrat,2017-01-03,2019-01-03,730 days 00:00:00.000000000
F000466,Brian Fitzpatrick,M,rep,PA,8,Republican,2017-01-03,2019-01-03,730 days 00:00:00.000000000
S001199,Lloyd Smucker,M,rep,PA,16,Republican,2017-01-03,2019-01-03,730 days 00:00:00.000000000
K000392,David Kustoff,M,rep,TN,8,Republican,2017-01-03,2019-01-03,730 days 00:00:00.000000000
G000581,Vicente Gonzalez,M,rep,TX,15,Democrat,2017-01-03,2019-01-03,730 days 00:00:00.000000000
A000375,Jodey Arrington,M,rep,TX,19,Republican,2017-01-03,2019-01-03,730 days 00:00:00.000000000
M001200,A. McEachin,M,rep,VA,4,Democrat,2017-01-03,2019-01-03,730 days 00:00:00.000000000
J000298,Pramila Jayapal,F,rep,WA,7,Democrat,2017-01-03,2019-01-03,730 days 00:00:00.000000000
G000579,Mike Gallagher,M,rep,WI,8,Republican,2017-01-03,2019-01-03,730 days 00:00:00.000000000
C001109,Liz Cheney,F,rep,WY,0,Republican,2017-01-03,2019-01-03,730 days 00:00:00.000000000
E000298,Ron Estes,M,rep,KS,4,Republican,2017-04-25,2019-01-03,618 days 00:00:00.000000000
G000584,Greg Gianforte,M,rep,MT,0,Republican,2017-06-21,2019-01-03,561 days 00:00:00.000000000
N000190,Ralph Norman,M,rep,SC,5,Republican,2017-06-26,2019-01-03,556 days 00:00:00.000000000
G000585,Jimmy Gomez,M,rep,CA,34,Democrat,2017-07-11,2019-01-03,541 days 00:00:00.000000000
C001114,John Curtis,M,rep,UT,3,Republican,2017-11-13,2019-01-03,416 days 00:00:00.000000000
L000588,Conor Lamb,M,rep,PA,18,Democrat,2018-04-12,2019-01-03,266 days 00:00:00.000000000
L000589,Debbie Lesko,F,rep,AZ,8,Republican,2018-05-07,2019-01-03,241 days 00:00:00.000000000
C001115,Michael Cloud,M,rep,TX,27,Republican,2018-07-10,2019-01-03,177 days 00:00:00.000000000
B001306,Troy Balderson,M,rep,OH,12,Republican,2018-09-05,2019-01-03,120 days 00:00:00.000000000
H001082,Kevin Hern,M,rep,OK,1,Republican,2018-11-13,2019-01-03,51 days 00:00:00.000000000
M001206,Joseph Morelle,M,rep,NY,25,Democrat,2018-11-13,2019-01-03,51 days 00:00:00.000000000
S001205,Mary Scanlon,F,rep,PA,7,Democrat,2018-11-13,2019-01-03,51 days 00:00:00.000000000
W000826,Susan Wild,F,rep,PA,15,Democrat,2018-11-27,2019-01-03,37 days 00:00:00.000000000
M001197,Martha McSally,F,rep,AZ,2,Republican,2017-01-03,2019-01-03,730 days 00:00:00.000000000
P000602,Mike Pompeo,M,rep,KS,4,Republican,2017-01-03,2017-01-23,20 days 00:00:00.000000000
B000287,Xavier Becerra,M,rep,CA,34,Democrat,2017-01-03,2017-01-24,21 days 00:00:00.000000000
P000591,Tom Price,M,rep,GA,6,Republican,2017-01-03,2017-02-10,38 days 00:00:00.000000000
M001182,Mick Mulvaney,M,rep,SC,5,Republican,2017-01-03,2017-02-16,44 days 00:00:00.000000000
Z000018,Ryan Zinke,M,rep,MT,0,Republican,2017-01-03,2017-03-01,57 days 00:00:00.000000000
C001076,Jason Chaffetz,M,rep,UT,3,Republican,2017-01-03,2017-06-30,178 days 00:00:00.000000000
M001151,Tim Murphy,M,rep,PA,18,Republican,2017-01-03,2017-10-21,291 days 00:00:00.000000000
C000714,John Conyers,M,rep,MI,13,Democrat,2017-01-03,2017-12-05,336 days 00:00:00.000000000
F000448,Trent Franks,M,rep,AZ,8,Republican,2017-01-03,2017-12-08,339 days 00:00:00.000000000
T000462,Patrick Tiberi,M,rep,OH,12,Republican,2017-01-03,2018-01-15,377 days 00:00:00.000000000
S000480,Louise Slaughter,F,rep,NY,25,Democrat,2017-01-03,2018-03-16,437 days 00:00:00.000000000
F000460,Blake Farenthold,M,rep,TX,27,Republican,2017-01-03,2018-04-06,458 days 00:00:00.000000000
M001181,Patrick Meehan,M,rep,PA,7,Republican,2017-01-03,2018-04-27,479 days 00:00:00.000000000
B001283,Jim Bridenstine,M,rep,OK,1,Republican,2017-01-03,2018-04-23,475 days 00:00:00.000000000
D000604,Charles Dent,M,rep,PA,15,Republican,2017-01-03,2018-05-12,494 days 00:00:00.000000000
D000621,Ron DeSantis,M,rep,FL,6,Republican,2017-01-03,2018-09-10,615 days 00:00:00.000000000
J000297,Evan Jenkins,M,rep,WV,3,Republican,2017-01-03,2018-09-30,635 days 00:00:00.000000000
L000580,Michelle Lujan Grisham,F,rep,NM,1,Democrat,2017-01-03,2018-12-31,727 days 00:00:00.000000000
B001269,Lou Barletta,M,rep,PA,11,Republican,2017-01-03,2019-01-03,730 days 00:00:00.000000000
B000213,Joe Barton,M,rep,TX,6,Republican,2017-01-03,2019-01-03,730 days 00:00:00.000000000
B001273,Diane Black,F,rep,TN,6,Republican,2017-01-03,2019-01-03,730 days 00:00:00.000000000
B001227,Robert Brady,M,rep,PA,1,Democrat,2017-01-03,2019-01-03,730 days 00:00:00.000000000
C001037,Michael Capuano,M,rep,MA,7,Democrat,2017-01-03,2019-01-03,730 days 00:00:00.000000000
C001077,Mike Coffman,M,rep,CO,6,Republican,2017-01-03,2019-01-03,730 days 00:00:00.000000000
C001038,Joseph Crowley,M,rep,NY,14,Democrat,2017-01-03,2019-01-03,730 days 00:00:00.000000000
C001048,John Culberson,M,rep,TX,7,Republican,2017-01-03,2019-01-03,730 days 00:00:00.000000000
D000612,Jeff Denham,M,rep,CA,10,Republican,2017-01-03,2019-01-03,730 days 00:00:00.000000000
D000533,John Duncan,M,rep,TN,2,Republican,2017-01-03,2019-01-03,730 days 00:00:00.000000000
E000288,Keith Ellison,M,rep,MN,5,Democrat,2017-01-03,2019-01-03,730 days 00:00:00.000000000
F000372,Rodney Frelinghuysen,M,rep,NJ,11,Republican,2017-01-03,2019-01-03,730 days 00:00:00.000000000
G000289,Bob Goodlatte,M,rep,VA,6,Republican,2017-01-03,2019-01-03,730 days 00:00:00.000000000
G000566,Trey Gowdy,M,rep,SC,4,Republican,2017-01-03,2019-01-03,730 days 00:00:00.000000000
G000410,Gene Green,M,rep,TX,29,Democrat,2017-01-03,2019-01-03,730 days 00:00:00.000000000
G000535,Luis Gutiérrez,M,rep,IL,4,Democrat,2017-01-03,2019-01-03,730 days 00:00:00.000000000
H001045,Gregg Harper,M,rep,MS,3,Republican,2017-01-03,2019-01-03,730 days 00:00:00.000000000
H001036,Jeb Hensarling,M,rep,TX,5,Republican,2017-01-03,2019-01-03,730 days 00:00:00.000000000
H001059,Randy Hultgren,M,rep,IL,14,Republican,2017-01-03,2019-01-03,730 days 00:00:00.000000000
I000056,Darrell Issa,M,rep,CA,49,Republican,2017-01-03,2019-01-03,730 days 00:00:00.000000000
J000290,Lynn Jenkins,F,rep,KS,2,Republican,2017-01-03,2019-01-03,730 days 00:00:00.000000000
J000174,Sam Johnson,M,rep,TX,3,Republican,2017-01-03,2019-01-03,730 days 00:00:00.000000000
L000573,Raúl Labrador,M,rep,ID,1,Republican,2017-01-03,2019-01-03,730 days 00:00:00.000000000
L000567,Leonard Lance,M,rep,NJ,7,Republican,2017-01-03,2019-01-03,730 days 00:00:00.000000000
L000263,Sander Levin,M,rep,MI,9,Democrat,2017-01-03,2019-01-03,730 days 00:00:00.000000000
L000554,Frank LoBiondo,M,rep,NJ,2,Republican,2017-01-03,2019-01-03,730 days 00:00:00.000000000
N000184,Kristi Noem,F,rep,SD,0,Republican,2017-01-03,2019-01-03,730 days 00:00:00.000000000
P000594,Erik Paulsen,M,rep,MN,3,Republican,2017-01-03,2019-01-03,730 days 00:00:00.000000000
P000588,Stevan Pearce,M,rep,NM,2,Republican,2017-01-03,2019-01-03,730 days 00:00:00.000000000
P000592,Ted Poe,M,rep,TX,2,Republican,2017-01-03,2019-01-03,730 days 00:00:00.000000000
P000598,Jared Polis,M,rep,CO,2,Democrat,2017-01-03,2019-01-03,730 days 00:00:00.000000000
R000578,David Reichert,M,rep,WA,8,Republican,2017-01-03,2019-01-03,730 days 00:00:00.000000000
R000586,James Renacci,M,rep,OH,16,Republican,2017-01-03,2019-01-03,730 days 00:00:00.000000000
R000409,Dana Rohrabacher,M,rep,CA,48,Republican,2017-01-03,2019-01-03,730 days 00:00:00.000000000
R000592,Todd Rokita,M,rep,IN,4,Republican,2017-01-03,2019-01-03,730 days 00:00:00.000000000
R000583,Thomas Rooney,M,rep,FL,17,Republican,2017-01-03,2019-01-03,730 days 00:00:00.000000000
R000435,Ileana Ros-Lehtinen,F,rep,FL,27,Republican,2017-01-03,2019-01-03,730 days 00:00:00.000000000
R000580,Peter Roskam,M,rep,IL,6,Republican,2017-01-03,2019-01-03,730 days 00:00:00.000000000
R000593,Dennis Ross,M,rep,FL,15,Republican,2017-01-03,2019-01-03,730 days 00:00:00.000000000
R000487,Edward Royce,M,rep,CA,39,Republican,2017-01-03,2019-01-03,730 days 00:00:00.000000000
R000570,Paul Ryan,M,rep,WI,1,Republican,2017-01-03,2019-01-03,730 days 00:00:00.000000000
S000250,Pete Sessions,M,rep,TX,32,Republican,2017-01-03,2019-01-03,730 days 00:00:00.000000000
S001154,Bill Shuster,M,rep,PA,9,Republican,2017-01-03,2019-01-03,730 days 00:00:00.000000000
S000583,Lamar Smith,M,rep,TX,21,Republican,2017-01-03,2019-01-03,730 days 00:00:00.000000000
T000465,Niki Tsongas,F,rep,MA,3,Democrat,2017-01-03,2019-01-03,730 days 00:00:00.000000000
W000799,Timothy Walz,M,rep,MN,1,Democrat,2017-01-03,2019-01-03,730 days 00:00:00.000000000
Y000063,Kevin Yoder,M,rep,KS,3,Republican,2017-01-03,2019-01-03,730 days 00:00:00.000000000
V000129,David Valadao,M,rep,CA,21,Republican,2017-01-03,2019-01-03,730 days 00:00:00.000000000
E000293,Elizabeth Esty,F,rep,CT,5,Democrat,2017-01-03,2019-01-03,730 days 00:00:00.000000000
M001189,Luke Messer,M,rep,IN,6,Republican,2017-01-03,2019-01-03,730 days 00:00:00.000000000
D000620,John Delaney,M,rep,MD,6,Democrat,2017-01-03,2019-01-03,730 days 00:00:00.000000000
N000127,Richard Nolan,M,rep,MN,8,Democrat,2017-01-03,2019-01-03,730 days 00:00:00.000000000
P000606,Robert Pittenger,M,rep,NC,9,Republican,2017-01-03,2019-01-03,730 days 00:00:00.000000000
R000598,Keith Rothfus,M,rep,PA,12,Republican,2017-01-03,2019-01-03,730 days 00:00:00.000000000
O000170,Beto O’Rourke,M,rep,TX,16,Democrat,2017-01-03,2019-01-03,730 days 00:00:00.000000000
S000051,Marshall Sanford,M,rep,SC,1,Republican,2017-01-03,2019-01-03,730 days 00:00:00.000000000
B001290,David Brat,M,rep,VA,7,Republican,2017-01-03,2019-01-03,730 days 00:00:00.000000000
K000387,Steve Knight,M,rep,CA,25,Republican,2017-01-03,2019-01-03,730 days 00:00:00.000000000
W000820,Mimi Walters,F,rep,CA,45,Republican,2017-01-03,2019-01-03,730 days 00:00:00.000000000
C001107,Carlos Curbelo,M,rep,FL,26,Republican,2017-01-03,2019-01-03,730 days 00:00:00.000000000
B001294,Rod Blum,M,rep,IA,1,Republican,2017-01-03,2019-01-03,730 days 00:00:00.000000000
Y000066,David Young,M,rep,IA,3,Republican,2017-01-03,2019-01-03,730 days 00:00:00.000000000
P000611,Bruce Poliquin,M,rep,ME,2,Republican,2017-01-03,2019-01-03,730 days 00:00:00.000000000
B001293,Mike Bishop,M,rep,MI,8,Republican,2017-01-03,2019-01-03,730 days 00:00:00.000000000
T000475,Dave Trott,M,rep,MI,11,Republican,2017-01-03,2019-01-03,730 days 00:00:00.000000000
M001193,Tom MacArthur,M,rep,NJ,3,Republican,2017-01-03,2019-01-03,730 days 00:00:00.000000000
R000604,Steve Russell,M,rep,OK,5,Republican,2017-01-03,2019-01-03,730 days 00:00:00.000000000
C001106,Ryan Costello,M,rep,PA,6,Republican,2017-01-03,2019-01-03,730 days 00:00:00.000000000
L000584,Mia Love,F,rep,UT,4,Republican,2017-01-03,2019-01-03,730 days 00:00:00.000000000
C001105,Barbara Comstock,F,rep,VA,10,Republican,2017-01-03,2019-01-03,730 days 00:00:00.000000000
D000625,Daniel Donovan,M,rep,NY,11,Republican,2017-01-03,2019-01-03,730 days 00:00:00.000000000
H001050,Colleen Hanabusa,F,rep,HI,1,Democrat,2017-01-03,2019-01-03,730 days 00:00:00.000000000
S001170,Carol Shea-Porter,F,rep,NH,1,Democrat,2017-01-03,2019-01-03,730 days 00:00:00.000000000
L000587,Jason Lewis,M,rep,MN,2,Republican,2017-01-03,2019-01-03,730 days 00:00:00.000000000
K000390,Ruben Kihuen,M,rep,NV,4,Democrat,2017-01-03,2019-01-03,730 days 00:00:00.000000000
F000464,John Faso,M,rep,NY,19,Republican,2017-01-03,2019-01-03,730 days 00:00:00.000000000
T000478,Claudia Tenney,F,rep,NY,22,Republican,2017-01-03,2019-01-03,730 days 00:00:00.000000000
T000477,Scott Taylor,M,rep,VA,2,Republican,2017-01-03,2019-01-03,730 days 00:00:00.000000000
G000580,Thomas Garrett,M,rep,VA,5,Republican,2017-01-03,2019-01-03,730 days 00:00:00.000000000
H001078,Karen Handel,F,rep,GA,6,Republican,2017-06-26,2019-01-03,556 days 00:00:00.000000000
J000303,Brenda Jones,F,rep,MI,13,Democrat,2018-11-29,2019-01-03,35 days 00:00:00.000000000
M001179,Tom Marino,M,rep,PA,10,Republican,2017-01-03,2019-01-03,730 days 00:00:00.000000000
J000255,Walter Jones,M,rep,NC,3,Republican,2017-01-03,2019-01-03,730 days 00:00:00.000000000
D000614,Sean Duffy,M,rep,WI,7,Republican,2017-01-03,2019-01-03,730 days 00:00:00.000000000
C001092,Chris Collins,M,rep,NY,27,Republican,2017-01-03,2019-01-03,730 days 00:00:00.000000000
C000984,Elijah Cummings,M,rep,MD,7,Democrat,2017-01-03,2019-01-03,730 days 00:00:00.000000000
